<?xml version="1.0" encoding="UTF-8"?>
<project-private xmlns="http://www.netbeans.org/ns/project-private/1">
    <editor-bookmarks xmlns="http://www.netbeans.org/ns/editor-bookmarks/2" lastBookmarkId="0"/>
    <open-files xmlns="http://www.netbeans.org/ns/projectui-open-files/2">
        <group>
            <file>file:/users/info/etu-s2/nourik/m2103/MonopolyFinal/Monopoly1/Monopoly-PGM/src/IHM/Questions.java</file>
            <file>file:/users/info/etu-s2/nourik/m2103/MonopolyFinal/Monopoly1/Monopoly-PGM/src/Jeu/Observateur.java</file>
            <file>file:/users/info/etu-s2/nourik/m2103/MonopolyFinal/Monopoly1/Monopoly-PGM/src/Jeu/Controleur.java</file>
            <file>file:/users/info/etu-s2/nourik/m2103/MonopolyFinal/Monopoly1/Monopoly-PGM/src/IHM/Ihm.java</file>
            <file>file:/users/info/etu-s2/nourik/m2103/MonopolyFinal/Monopoly1/Monopoly-PGM/src/Ui/main.java</file>
            <file>file:/users/info/etu-s2/nourik/m2103/MonopolyFinal/Monopoly1/Monopoly-PGM/src/IHM/Affichage.java</file>
            <file>file:/users/info/etu-s2/nourik/m2103/MonopolyFinal/Monopoly1/Monopoly-PGM/src/Jeu/Monopoly.java</file>
        </group>
    </open-files>
</project-private>
